ID	Description	GeneRatio	BgRatio	RichFactor	FoldEnrichment	zScore	pvalue	p.adjust	qvalue	geneID	Count
GO:0046527	glucosyltransferase activity	128/9576	227/26722	0.5638766519823789	1.5735079254671187	6.4849615150248745	1.9489671515626733e-10	1.520194378218885e-7	1.3006791306218262e-7	UGT1/ATCSLG2/ATSPS4F/GBSS1/ASUS1/UGT76E12/UGT73B3/UGT88A1/NA/UGT78D1/ATSAGT1/UGT89C1/CESA5/NA/GGP/DOGT1/NA/ATTPS1/ATSUS3/AtUGT85A3/UGT89B1/ATSPS2F/AtUGT85A5/ATCSLD2/XTH6/AtXTH32/ATCSLC05/ATSS3/UGT76E11/XTH23/NA/UGT73C1/ATUGT85A1/NA/ATXTH18/NA/ATCSLD5/AtSS2/UGT91C1/UGT74E2/ATGSL12/ATCSLC08/UGT73C7/CESA6/ATSUS5/UGT73B5/ATCSLB04/XTH30/ATCSLA03/UGT87A2/UGT73B1/XTH29/AtUGT85A2/NA/ATCESA2/ATCESA3/ATHEX3/ATSPS1F/ATSS1/XTH8/ANY1/HYR1/ATGSL06/UGT84A3/NSH2/NA/MERI-5/ATTPS6/UGT73B2/UGT74B1/ATCSLE1/ATXTH19/XTH11/NA/EXGT-A1/ATCSLA10/ATCSLD1/SS5/NA/TT15/UGT73C2/ATCSLB03/XTH25/UGT73B4/ATCSLA15/NA/UGT73C6/XTH7/UGT84A1/ATCSLA11/UGT72B3/XTH9/XTH10/AtUGT85A7/UGT71B6/ATCSLG3/ATCSLC04/ATGSL04/AtXTH22/ATSUS4/UGT76C2/UGT76E2/ATCSLC12/UGT79B7/AtXTH31/EXGT-A4/ATXTH14/NA/NA/NA/UGT79B3/NA/XET/UGT72E1/ATCSLG1/UGT76F1/NA/NA/UGT76C5/UGT71B5/UGT72E2/UGT84A4/XTH16/ATCSLB06/UGT78D3/ATXTH17/UGT76D1/XTH15	128
GO:0030247	polysaccharide binding	59/9576	95/26722	0.6210526315789474	1.7330585235017368	5.3490461369492746	1.6579253365140408e-7	5.4040250756216116e-5	4.6236867718543884e-5	CRB/AtPDCB1/ATCTL1/XTH6/AtXTH32/ATSS3/XTH23/NA/WAK2/WAKL8/ESV1/ATGWD3/ATXTH18/PDCB3/NA/NA/XTH30/NA/XTH29/NA/AtWAK1/E13L3/WAKL2/XTH8/NA/LRK10L1.1/ATPTPKIS1/NA/ARD/MERI-5/ATXTH19/WAKL7/XTH11/EXGT-A1/FLA4/XTH25/LRK10L3/XTH7/XTH9/XTH10/ATWAKL10/AtXTH22/NA/NA/PDCB5/NA/PDLP7/AtXTH31/EXGT-A4/ATXTH14/XET/WAK4/XTH16/WAK3/WAKL1/WAKL4/ATXTH17/NA/XTH15	59
GO:0031406	carboxylic acid binding	54/9576	86/26722	0.627906976744186	1.7521856968001401	5.221277863012569	3.269657818822153e-7	5.4040250756216116e-5	4.6236867718543884e-5	GAPA-2/OE23/RBCS1A/GAPA/ACX2/NA/2CPA/AtGLDP2/AtGLDP1/ATHM1/GAPB/APM1/APP1/ATGSL1/ACX1/SHM4/DEG15/FBA6/GH3.15/ACX4/GTG1/AtFAP3/AtLTP4.5/AtLTP4.4/AtFAP2/ATGID1B/BCCP/ATGPX2/ATGSTF7/GAPC-2/ATLOX2/PYL7/ATGSTF5/AtLFG4/PYL1/AtLFG2/ACX5/PYR1/FBP/DIR1/NA/MLP423/AtFAP1/ATGSTF2/NA/PYL2/CP3/NA/AtPYL4/NA/BCCP2/NA/AtPYL5/PYL3	54
GO:0043177	organic acid binding	54/9576	86/26722	0.627906976744186	1.7521856968001401	5.221277863012569	3.269657818822153e-7	5.4040250756216116e-5	4.6236867718543884e-5	GAPA-2/OE23/RBCS1A/GAPA/ACX2/NA/2CPA/AtGLDP2/AtGLDP1/ATHM1/GAPB/APM1/APP1/ATGSL1/ACX1/SHM4/DEG15/FBA6/GH3.15/ACX4/GTG1/AtFAP3/AtLTP4.5/AtLTP4.4/AtFAP2/ATGID1B/BCCP/ATGPX2/ATGSTF7/GAPC-2/ATLOX2/PYL7/ATGSTF5/AtLFG4/PYL1/AtLFG2/ACX5/PYR1/FBP/DIR1/NA/MLP423/AtFAP1/ATGSTF2/NA/PYL2/CP3/NA/AtPYL4/NA/BCCP2/NA/AtPYL5/PYL3	54
GO:0033293	monocarboxylic acid binding	45/9576	68/26722	0.6617647058823529	1.8466662980981865	5.224233082520572	3.4641186382189817e-7	5.4040250756216116e-5	4.6236867718543884e-5	GAPA-2/OE23/RBCS1A/GAPA/ACX2/NA/2CPA/ATHM1/GAPB/APM1/APP1/ATGSL1/ACX1/SHM4/DEG15/FBA6/ACX4/GTG1/AtFAP3/AtLTP4.5/AtLTP4.4/AtFAP2/BCCP/ATGPX2/ATGSTF7/GAPC-2/ATLOX2/PYL7/ATGSTF5/PYL1/ACX5/PYR1/DIR1/NA/MLP423/AtFAP1/ATGSTF2/PYL2/NA/AtPYL4/NA/BCCP2/NA/AtPYL5/PYL3	45
GO:0016168	chlorophyll binding	23/9576	28/26722	0.8214285714285714	2.2922111827187015	5.112610353844279	6.676862384374011e-7	8.679921099686213e-5	7.426545178408988e-5	CP24/LHCA3/CP22/LHCA1/CAB4/LHCB4.2/LHCB2/LHCB2/LHCB5/LHCA2/LHB1B2/AB140/SEP1/LHCB4.1/LHCB4.3/AB165/AB180/DEG13/DEG11/SEP2/AtLHCB7/PSBB/PSBI	23
GO:0016701	oxidoreductase activity, acting on single donors with incorporation of molecular oxygen	29/9576	39/26722	0.7435897435897436	2.0750005355268515	5.020658342931185	1.0724123047333868e-6	1.194973710988631e-4	1.0224201521819057e-4	ALPHA/ATLOX3/ATCAO/ETHE1/ARD1/NA/AtHGO/ACD1/MIOX1/ALPHA-DOX1/CCD4/ATNCED3/MHP1/MIOX2/MHL/ATARD2/ATLOX2/ATLOX1/MIOX4/ARD/ATLOX4/HPD/ATLOX5/PCO3/PCO4/ATCCD7/ATCCD8/HUP29/ATNCED9	29
GO:0016758	hexosyltransferase activity	185/9576	392/26722	0.4719387755102041	1.3169536298228566	4.724440091325307	2.178331872509788e-6	2.1238735756970434e-4	1.8171873778568496e-4	UGT1/AtSIP2/ATCSLG2/ATSPS4F/GBSS1/ASUS1/UGT76E12/UGT73B3/UGT88A1/NA/UGT78D1/GUX3/ATSAGT1/UGT89C1/CESA5/NA/GGP/DOGT1/NA/ATTPS1/FRA8/ATCSLA09/ATSUS3/AtUGT85A3/UGT89B1/ATSPS2F/AtUGT85A5/ATCSLD2/XTH6/AtXTH32/ATCSLC05/ATSS3/UGT76E11/XTH23/NA/UGT73C1/ATUGT85A1/AtMSR1/NA/NA/SEC/GAUT13/ATXTH18/NA/ATCSLD5/AtSS2/UGT91C1/UGT74E2/ATGSL12/GALT4/ATCSLC08/UGT73C7/NA/ATPHS2/CESA6/ATSUS5/UGT73B5/ATCSLB04/GATL3/XTH30/ATCSLA03/UGT87A2/UGT73B1/XTH29/ATTS02/DIN10/AtUGT85A2/NA/ATCESA2/ATGT18/ATCESA3/GALT5/ATHEX3/ATSPS1F/ATSS1/NA/AtGolS1/XTH8/GlcAT14B/ANY1/HYR1/AtDPE1/ATGSL06/UGT84A3/RS5/NA/ATCSLA02/DPMS1/NSH2/NA/MERI-5/ATTPS6/UGT73B2/UGT74B1/HPGT2/DPMS2/ATCSLA07/ATCSLE1/ATXTH19/GATL6/XTH11/NA/EXGT-A1/AtMSR2/XXT5/GATL10/ATCSLA10/GALS1/ATCSLD1/SS5/SETH2/NA/TT15/GAUT6/UGT73C2/ATCSLB03/XTH25/UGT73B4/ATCSLA15/NA/UGT73C6/NA/XTH7/UGT84A1/ATCSLA11/TUN/UGT72B3/XTH9/XTH10/AtUGT85A7/NA/UGT71B6/NA/ATCSLG3/ATCSLC04/ATGSL04/AtXTH22/MAGT1/ATSUS4/XXT4/AtIPCS3/GATL8/ATGATL1/UGT76C2/UGT76E2/DSA1/ATCSLC12/UGT79B7/AtXTH31/NA/KNS4/EXGT-A4/XXT3/ATXTH14/NA/NA/NA/NA/UGT79B3/GALT1/NA/XET/ATMGD3/NA/UGT72E1/NA/ATCSLG1/UGT76F1/AtSIP1/NA/NA/UGT76C5/UGT71B5/NA/UGT72E2/AtGolS4/UGT84A4/XTH16/ATCSLB06/UGT78D3/ATXTH17/UGT76D1/ATFUT3/GT6/XTH15	185
GO:0016829	lyase activity	154/9576	318/26722	0.48427672955974843	1.3513829122071426	4.710818244418441	2.4561337224389776e-6	2.1286492261137806e-4	1.8212734269313589e-4	PDC2/AtHPCL/AtFBA1/AtFBA2/ACA1/AtFBA5/ATECH2/AtHNL/ATBCA1/EDA17/ATFC-II/ATP1/DHNS/ATMFP2/HEME2/ATBCA4/UXS5/AtRIBA2/IGPS/SAMDC2/ADC1/ARATH;BSAS3;1/ADC2/ALF1/GAD2/ACO3/HEME1/ATPDX1/ATMGL/ATBCA5/AtROS1/AAS/NA/FBA6/AIM1/NA/AT-PHH1/ATPAL2/ATPAL3/ATPDX1.1/AtNIT2/PLL19/CBL/NA/NA/AtDJ1A/GAD4/ABA3/DJ-1d/DJ-1f/ACS2/ATTSB1/ATPPC2/THA2/ATDPL1/PHYLLO/NA/IPMI/FUM2/TSB3/NA/NA/AXS2/TSB4/ATRHM1/NA/NA/PAS2/ATBCA6/ENO2/PHR2/NA/THA1/ADT1/ATPAL1/NA/ATTPS03/ATCRY1/AtNIT4/NA/CORI3/AOS/ATPSKR1/ATFC-I/NA/UXS6/HISN5A/ATMUM4/NA/ATPPC3/AtFBA7/CRY3/ALAD1/DAPDC1/ATSIRB/NA/PLL18/NA/AtSPP1/ATDUF3/A37/AMT1/ATRHM3/AtGGCT2;1/DES1/ATUXS3/PAL4/ADT5/ADT3/UXS4/ACCS7/PHR1/E-COAH-2/AtCXE20/AtPDC1/NA/ATWAKL10/ClAP/ASB2/NA/BUD2/NA/AtTYDC/PMR6/ATSR/NOGC1/CYP706A3/NA/NA/CYP71B15/AtMDD2/NA/ACS8/ACA2/NA/ATLEUD1/NA/ACS11/NA/PSD1/AtGAD1/GAD5/NA/ATBCA3/TPS6/NA/NA/TPS30/ATKS/NA/AtYUC4/CYP71A13/RGIL6/PDC3	154
GO:0046906	tetrapyrrole binding	80/9576	149/26722	0.5369127516778524	1.4982646773533386	4.5579541642830055	6.13600149535275e-6	4.586084422379236e-4	3.9238563074067966e-4	CP24/LHCA3/CP22/LHCA1/CAB4/LHCB4.2/LHCB2/LHCB2/CYP76C2/LHCB5/LHCA2/LHB1B2/AB140/SEP1/ATTSPO/GUN4/CAT1/LHCB4.1/ATCAT3/LHCB4.3/AtHBP5/CYP707A4/CAT2/AB165/CYP706A4/ATT1/AB180/CYP96A12/ATCB5-B/DEG13/CYP76C6/CYP76C1/CYP86A8/AtCCME/AtPP5/AtHBP1/NA/ATB5-B/ATCB5-C/CYP96A4/DEG11/CYP97B3/AHB2/CYP704A2/NA/CYP94B3/SEP2/ULI3/ATCB5LP/CYP706A5/NA/CYTC6A/CYP706A6/AtLHCB7/CYP86A4/CYP96A15/CYP78A5/CYP86A7/NA/CYP706A3/CYP78A9/CYP96A11/HO4/CYP706A2/CYP78A8/CYP76G1/ATHSPRO2/PSBB/CYP78A6/CYP76C4/NA/CYP86B1/CYP704B1/AHB1/PSBI/PETA/CYP72A10/CYP72A9/CYP86C2/CYP703	80
GO:0030246	carbohydrate binding	87/9576	165/26722	0.5272727272727272	1.471364016100858	4.538850761588955	6.467554954637384e-6	4.586084422379236e-4	3.9238563074067966e-4	CRB/NDF2/AN5/AtPDCB1/AtGH9C2/ATCTL1/ArathEULS3/XTH6/AtXTH32/ATSS3/XTH23/NA/WAK2/WAKL8/NA/ESV1/ATGWD3/ATXTH18/PDCB3/NA/AtPP2-B9/NDF5/NA/XTH30/NA/XTH29/NA/AtWAK1/E13L3/WAKL2/XTH8/NA/LRK10L1.1/ATPTPKIS1/NA/ARD/MERI-5/ATXTH19/WAKL7/XTH11/AFA1/EXGT-A1/F-ATMBP/SS5/FLA4/AtPP2-A13/XTH25/LRK10L3/XTH7/ATPP2-B11/XTH9/XTH10/ATWAKL10/AtXTH22/NA/NA/PDCB5/NA/COR15B/AKINBETA1/NA/PDLP7/NA/AtXTH31/AN4/EXGT-A4/ATXTH14/NA/CP3/GALT1/XET/ATPP2-A5/NA/AtJAC1/AtPP2-B8/WAK4/XTH16/WAK3/AN3/NA/WAKL1/WAKL4/ATXTH17/NA/AtPP2-A6/AtPP2-A7/XTH15	87
GO:0016614	oxidoreductase activity, acting on CH-OH group of donors	102/9576	200/26722	0.51	1.4231641604010024	4.489084219985619	7.598125274754538e-6	4.93878142859045e-4	4.225624056310857e-4	ADH/ATHPR1/NA/PMDH2/ATCAD8/NA/ATECH2/NYC1/ATCAD4/GOX2/EDA17/GOX3/GOX1/ATNADP-ME1/ChlADR/ATCAD1/AtFDH1/ATMFP2/ATCAD5/DXR/ICDH/AtBBE19/AKR4C9/KR/G6PD1/NA/NA/AK-HSDH/c-NAD-MDH2/L-GalDH/ATCAD9/NA/AtGLYR2/AIM1/PGDH/HDH1/AKR4C8/SDP6/NA/G6PD5/AK-HSDH/ATGHBDH/ATIMD1/AtPLR1/ATIMD2/ATCCR1/PGD2/NA/NA/NA/NA/3-PGDH/RTN20/NA/NA/SAG13/ATNADP-ME2/ATCAD7/mMDH1/AtCRL1/NA/d-LDH/mMDH2/G6PD6/HAOX1/NA/HAOX2/NA/GPDHp/ATMUM4/G6PD4/IDH-I/UDG4/NA/BEN1/NRS/ER/AtBBE21/NA/AtCRL2/ATCCR2/AKR4C10/NA/GLY1/NA/AtGulLO2/NA/AtBBE-like/ATCAD6/ATUGD1/NA/NA/NA/NA/ChlADR/ATNADP-ME3/NA/ATKCR2/NA/CYP76C4/NA/ATCAD2/NA	102
GO:0035251	UDP-glucosyltransferase activity	84/9576	160/26722	0.525	1.4650219298245615	4.408999522579275	1.1479412939227271e-5	6.40428548286654e-4	5.479510116244786e-4	UGT1/ATSPS4F/GBSS1/ASUS1/UGT76E12/UGT73B3/UGT88A1/NA/UGT78D1/ATSAGT1/UGT89C1/NA/GGP/DOGT1/NA/ATTPS1/ATSUS3/AtUGT85A3/UGT89B1/ATSPS2F/AtUGT85A5/ATCSLD2/ATSS3/UGT76E11/NA/UGT73C1/ATUGT85A1/NA/NA/ATCSLD5/AtSS2/UGT91C1/UGT74E2/ATGSL12/UGT73C7/ATSUS5/UGT73B5/UGT87A2/UGT73B1/AtUGT85A2/NA/ATHEX3/ATSPS1F/ATSS1/HYR1/ATGSL06/UGT84A3/NSH2/NA/ATTPS6/UGT73B2/UGT74B1/NA/ATCSLD1/NA/TT15/UGT73C2/UGT73B4/NA/UGT73C6/UGT84A1/UGT72B3/AtUGT85A7/UGT71B6/ATGSL04/ATSUS4/UGT76C2/UGT76E2/UGT79B7/NA/NA/NA/UGT79B3/NA/UGT72E1/UGT76F1/NA/NA/UGT76C5/UGT71B5/UGT72E2/UGT84A4/UGT78D3/UGT76D1	84
GO:0016620	oxidoreductase activity, acting on the aldehyde or oxo group of donors, NAD or NADP as acceptor	29/9576	42/26722	0.6904761904761905	1.9267862115606478	4.4920885529962	1.2194813030406902e-5	6.40428548286654e-4	5.479510116244786e-4	GAPA-2/GAPA/ALDH7B4/ALDH11A3/AAO4/GAPB/ALDH2/ALDH12A1/ALDH10A9/AtFDH1/AtHEMA1/ALDH5F1/ALDH2B/ALDH10A8/FAR1/ALDH3/ATCCR1/ALDH6B2/HEMA2/ALDH3F1/GAPC-2/ALDH3H1/P5CS2/ATCCR2/GAPCP-2/CER4/ALDH1A/HEMA3/FAR2	29
GO:0005504	fatty acid binding	15/9576	17/26722	0.8823529411764706	2.462221730797582	4.506905126225701	1.2315933620897192e-5	6.40428548286654e-4	5.479510116244786e-4	ACX2/NA/ACX1/DEG15/AtFAP3/AtLTP4.5/AtLTP4.4/AtFAP2/ACX5/DIR1/NA/AtFAP1/NA/NA/NA	15
GO:0016903	oxidoreductase activity, acting on the aldehyde or oxo group of donors	36/9576	56/26722	0.6428571428571429	1.79390440386681	4.444473280829665	1.3746250674917239e-5	6.701297204022154e-4	5.733633505195743e-4	GAPA-2/GAPA/ALDH7B4/AtDAO/ALDH11A3/AAO4/GAPB/ALDH2/AAO1/ALDH12A1/ALDH10A9/AtFDH1/AtHEMA1/ALDH5F1/ALDH2B/E1-OGDH2/ALDH10A8/FAR1/ALDH3/ATCCR1/ALDH6B2/AAO3/HEMA2/ALDH3F1/AAO2/GAPC-2/ALDH3H1/P5CS2/ATCCR2/GAPCP-2/CER4/ALDH1A/GLOX1/HEMA3/FAR2/AtDAO2	36
GO:0016702	oxidoreductase activity, acting on single donors with incorporation of molecular oxygen, incorporation of two atoms of oxygen	23/9576	31/26722	0.7419354838709677	2.0703842940685044	4.456307641895044	1.534453526991175e-5	7.040433829724215e-4	6.02379898521613e-4	ALPHA/ATLOX3/ETHE1/ARD1/AtHGO/ALPHA-DOX1/CCD4/ATNCED3/MHP1/MHL/ATARD2/ATLOX2/ATLOX1/ARD/ATLOX4/HPD/ATLOX5/PCO3/PCO4/ATCCD7/ATCCD8/HUP29/ATNCED9	23
GO:0080043	quercetin 3-O-glucosyltransferase activity	44/9576	73/26722	0.6027397260273972	1.6819560316315902	4.360279801420176	1.8044153180834176e-5	7.819133045028143e-4	6.690054454180625e-4	UGT1/UGT76E12/UGT73B3/UGT88A1/UGT78D1/ATSAGT1/NA/AtUGT85A3/UGT89B1/AtUGT85A5/UGT76E11/NA/ATUGT85A1/NA/UGT74E2/UGT73B5/UGT73B1/AtUGT85A2/NA/HYR1/UGT84A3/UGT73B2/UGT74B1/NA/NA/UGT73B4/NA/UGT73C6/UGT84A1/UGT72B3/AtUGT85A7/UGT71B6/UGT76C2/UGT76E2/NA/NA/NA/UGT76F1/NA/UGT76C5/UGT71B5/UGT84A4/UGT78D3/UGT76D1	44
GO:0060089	molecular transducer activity	112/9576	228/26722	0.49122807017543857	1.3707807530522211	4.201920701851466	2.4897369445132777e-5	0.0010221025351159771	8.745114807874893e-4	APRR1/NA/AtLEA4-5/BAM2/NA/RGFR3/ARR4/AtPHOT2/APRR5/ARR9/AT-PHH1/AtNIK3/NA/LecRK-VII.1/LecRK-VI.3/AtNIK1/LecRK-IV.1/ATHLECRK/APRR3/BAM1/ER/LecRK-VII.2/AHK1/ARR7/ATGER1/LecRK-I.7/ARR8/ATGLR3.4/ATGLR1.3/ARK1/AtLPK1/AHK4/PHYD/ETR2/CARD1/JK224/ATCRY1/APRR9/ARR14/ARR6/LecRK-IV.4/HHP3/ARR15/AtNIK2/ATGLR2.8/ATGLR3.7/ATBAK1/ATPSKR1/ACR4/PYL7/AFB4/AtRLP17/CEPR2/PYL1/AHP3/CIK3/AHP2/AHK2/NA/BRL1/RGI4/ATSERK4/BRL3/EVR/ARR10/BARK1/PYR1/ATGLR3.6/CEPR1/ATBRI1/LecRK-V.4/ATGLR1.4/CRN/ATGLR1.1/AtRLP29/ARR16/HHP1/LecRK-IV.2/ATGLR3.2/EFR/ATSERK2/MLP423/PXC3/AtRLP10/AtLYK3/LecRK-VI.2/CIK2/ATGLR2.5/BAM3/ARR5/BRL2/LecRK-V.9/NA/SKM1/PYL2/LecRK-V.2/LecRK-I.10/ATGLR1.2/MAP18/AHP4/LecRK-I.1/AtPYL4/FLS2/LecRK-I.4/ARR11/AHP1/LecRK-V.3/ATGLR2.9/AtRLP16/AtPYL5/PYL3/LecRK-I.5	112
GO:0016762	xyloglucan:xyloglucosyl transferase activity	23/9576	32/26722	0.71875	2.0056847848788637	4.254020657216567	3.6000959065226325e-5	0.0012630540220204204	0.00108066970305121	XTH6/AtXTH32/XTH23/ATXTH18/XTH30/XTH29/XTH8/MERI-5/ATXTH19/XTH11/EXGT-A1/XTH25/XTH7/XTH9/XTH10/AtXTH22/AtXTH31/EXGT-A4/ATXTH14/XET/XTH16/ATXTH17/XTH15	23
GO:0050660	flavin adenine dinucleotide binding	58/9576	105/26722	0.5523809523809524	1.5414289692485181	4.154259281180596	3.756957553631081e-5	0.0012630540220204204	0.00108066970305121	ACX2/NA/AtBBE16/ABA1/EDA17/ACX1/AtBBE19/SDH1-1/MTHFR1/APAO/AT-PHH1/CBB1/ACX4/NA/AtBBE22/MRG8/AtBBE3/CTF2A/AR1/MTHFR2/AtBBE24/PHR2/ATCRY1/NA/d-LDH/AtBBE8/AtBBE26/NA/AtBBE6/LPD1/AtBBE25/CRY3/MO1/FNRL/PDH2/AtBBE21/ACX5/NA/NA/AtBBE7/AtBBE4/AtBBE10/NA/AT-POX/NA/NA/AtYUC2/AtBBE-like/AtYUC6/AtBBE11/NA/NA/GNR1/NA/SDH1-2/YUC9/AtYUC4/CKRC2	58
GO:0038023	signaling receptor activity	93/9576	185/26722	0.5027027027027027	1.4028009212219736	4.1085390548431775	3.849810665495579e-5	0.0012630540220204204	0.00108066970305121	NA/AtLEA4-5/BAM2/NA/RGFR3/AtPHOT2/AT-PHH1/AtNIK3/NA/LecRK-VII.1/LecRK-VI.3/AtNIK1/LecRK-IV.1/ATHLECRK/BAM1/ER/LecRK-VII.2/AHK1/ATGER1/LecRK-I.7/ATGLR3.4/ATGLR1.3/ARK1/AtLPK1/AHK4/PHYD/ETR2/CARD1/JK224/ATCRY1/LecRK-IV.4/HHP3/AtNIK2/ATGLR2.8/ATGLR3.7/ATBAK1/ATPSKR1/ACR4/PYL7/AFB4/AtRLP17/CEPR2/PYL1/CIK3/AHK2/NA/BRL1/RGI4/ATSERK4/BRL3/EVR/BARK1/PYR1/ATGLR3.6/CEPR1/ATBRI1/LecRK-V.4/ATGLR1.4/CRN/ATGLR1.1/AtRLP29/HHP1/LecRK-IV.2/ATGLR3.2/EFR/ATSERK2/MLP423/PXC3/AtRLP10/AtLYK3/LecRK-VI.2/CIK2/ATGLR2.5/BAM3/BRL2/LecRK-V.9/NA/SKM1/PYL2/LecRK-V.2/LecRK-I.10/ATGLR1.2/MAP18/LecRK-I.1/AtPYL4/FLS2/LecRK-I.4/LecRK-V.3/ATGLR2.9/AtRLP16/AtPYL5/PYL3/LecRK-I.5	93
GO:0004029	aldehyde dehydrogenase (NAD+) activity	12/9576	13/26722	0.9230769230769231	2.5758627337574707	4.247156458544292	3.8863200677551396e-5	0.0012630540220204204	0.00108066970305121	ALDH7B4/ALDH11A3/AAO4/ALDH2/ALDH12A1/ALDH10A9/ALDH2B/ALDH10A8/ALDH3/ALDH3F1/ALDH3H1/ALDH1A	12
GO:0004030	aldehyde dehydrogenase [NAD(P)+] activity	12/9576	13/26722	0.9230769230769231	2.5758627337574707	4.247156458544292	3.8863200677551396e-5	0.0012630540220204204	0.00108066970305121	ALDH7B4/ALDH11A3/AAO4/ALDH2/ALDH12A1/ALDH10A9/ALDH2B/ALDH10A8/ALDH3/ALDH3F1/ALDH3H1/ALDH1A	12
GO:0016705	oxidoreductase activity, acting on paired donors, with incorporation or reduction of molecular oxygen	158/9576	342/26722	0.4619883040935672	1.2891866606086366	4.022452517308285	4.707305300737004e-5	0.001424848762334675	0.0012191013702026775	ACSF/CYP76C2/GSL-OH/CYP81D11/AtDAO/ABA1/AtFAD7/ALKBH10B/ATFLS1/AtFAD8/CYP710A1/ADS3/CYP89A5/FAD6/SQE6/CYP81F1/LUT2/JMJ30/CYP707A4/LBO1/PAHX/NA/CYP97C1/CYP89A9/AtFAD3/CYP706A4/CYP71B6/ATT1/CYP96A12/CYP81D8/CYP71B26/ATKAO2/AAD4/ACO4/ADS4.2/F3'H/SBH1/ADS2/AtSSI2/CYP76C6/CYP76C1/AtSBH2/NA/NA/FMO/CYP86A8/CYP71B35/ATJRG21/JMJ16/DRY2/EMB3143/JAO2/ATSMO1/CYP97A3/CYP96A4/CYP89A6/ATGA2OX4/NA/NA/CYP71B34/CYP81G1/CYP71B36/NA/JAO4/ATR4/CYP97B3/HO2/AAD1/ATGA3OX1/CYP705A19/CYP704A2/NA/NA/NA/FMO/CYP94B3/NA/CYP79B3/AT-P4H-1/CYP707A1/CYP706A5/NA/CYP81F3/CYP77A6/CYP706A6/JMJ13/FMO/AtDWF4/FMO1/NA/CYP86A4/CYP83A1/ATSMO1-2/FAD4/AOP/ATKAO1/CYP96A15/CYP77B1/AtDMR6/CYP78A5/ADS1/CYP81D1/CYP86A7/BUS1/CYP81F2/AT2301/ATFLS5/ADS4/CYP705A20/CYP706A3/CYP79F2/CYP77A7/AAD2/NA/CYP78A9/CYP96A11/HO4/NA/CYP76C3/ADS1.3/CYP706A2/AtSLD2/CYP81D2/ATGA2OX2/ATGA2OX1/CP3/CYP78A8/CYP76G1/CYP81D3/AAD3/ACO1/NA/NA/GA2ox9/CYP705A22/AAD6/CYP78A6/CYP76C4/NA/AOP3/CYP71B10/CYP710A2/CYP86B1/CYP704B1/CYP71B37/CYP707A3/CYP72A10/NA/ACO5/CYP705A4/CYP72A9/CKRC2/ACO3/CYP86C2/CYP82G1/AtDAO2/CYP703/ATGA20OX3	158
GO:0016854	racemase and epimerase activity	29/9576	44/26722	0.6590909090909091	1.8392050201260728	4.163463769731379	4.749495874448917e-5	0.001424848762334675	0.0012191013702026775	HCF173/NDF2/UGE3/NA/ATUGE1/GAE6/NA/EMB2728/NA/DAAR1/NDF5/HSR8/NA/UGE5/GME/GAE5/NA/NA/ATMUM4/NA/GAE2/ATECI3/NRS/ER/NA/GAE4/GAE1/GAE3/ATSR/DUR	29
GO:0033612	receptor serine/threonine kinase binding	42/9576	71/26722	0.5915492957746479	1.6507289350135903	4.103075897941203	5.199122421904615e-5	0.0015019686996613332	0.001285085230209562	BAM2/STMP5/ATCLV1/CLE12/STMP8/PROSCOOP10/PROSCOOP4/CLE44/BAM1/ER/AtEPFL9/ATPUB9/STMP4/NA/ATBAK1/ATPUB29/AtRLP17/PROSCOOP1/ATPUB14/ATSERK4/CLE41/PROSCOOP13/PROSCOOP11/ERL2/CRN/CLE43/CLE42/ATSERK2/NA/PIPL3/STMP3/CLE25/CLE26/PROSCOOP9/PROSCOOP8/ERL1/CLE14/CLE45/ARACIN2/PROSCOOP12/PROSCOOP6/CLE13	42
GO:0019901	protein kinase binding	46/9576	80/26722	0.575	1.604547827903091	4.046963236221299	6.250548489754318e-5	0.0017412242221458458	0.0014897923844000894	MAPKKK18/CASPL1E1/RACK1C/ABI1/CARK5/RACK1B/ARAC6/ATGER1/AGC2/AtEPFL9/ATCYP20-2/ARAC3/MAPKKK14/AHK4/ATG11/anac081/ATHIR1/MAPKKK17/AtRLP23/CYCP4;1/KAPP/MAPKKK19/AtPERK10/CYCP1;1/AtVIP1/ARAC4/ARAC8/MUSE14/AHP3/AHP2/AHK2/ANQ1/ATCDT1A/EPF2/AGC1-9/ARAC7/CKS2/cycp3;1/AHP4/ARAC9/AHP1/CYCP4/AtPERK13/CYCP3;2/AIK1/ARAC2	46
GO:0004497	monooxygenase activity	121/9576	254/26722	0.4763779527559055	1.3293412336615817	3.941299296582634	6.931279038927726e-5	0.0018642750518495265	0.0015950747407187582	ACSF/GSL-OH/CYP81D11/ABA1/AtCLO3/ATCAO/CYP89A5/NA/SQE6/CYP81F1/CBB3/ACD1/MIOX1/CYP707A4/CYP72A15/NA/CYP97C1/CYP89A9/CYP71B6/ATT1/CYP72A13/NA/CYP81D8/CYP71B26/ATKAO2/ACO4/SBH1/CYP76C1/AtSBH2/NA/NA/FMO/CYP86A8/CYP71B35/DRY2/MIOX2/FMO/EMB3143/CYP81D5/ATSMO1/CYP97A3/CYP89A6/CYP71B34/CYP81G1/CYP71B36/AOS/NA/CYP709B2/NA/ATR4/CYP72A14/B2/HO2/MIOX4/CYP705A19/CYP72A7/CYP709B3/FMO/CYP94B3/CYP79B3/BAS1/CYP707A1/CYP81F3/CYP77A6/FMO/AtDWF4/FMO1/NA/CYP86A4/CYP83A1/ATSMO1-2/CYP72A8/ATKAO1/CYP96A15/CYP77B1/AtDMR6/NA/CYP81D1/CYP86A7/BUS1/CYP81F2/NOGC1/CYP705A20/CYP74B2/AtYUC2/CYP79F2/CYP77A7/CYP71B15/CYP82C3/CYP78A9/CYP96A11/HO4/NA/CYP76C3/AtYUC6/CLO6/CYP81D2/NA/CYP81D3/ACO1/NA/NA/CYP705A22/ATBR6OX/YUC9/CYP71B10/NA/FMOGS-OX6/CYP704B1/CYP71B37/CYP707A3/CYP715A1/CYP72A10/AtYUC4/ACO5/CYP705A4/CYP72A9/CKRC2/ACO3/CYP82G1/CYP703	121
GO:0016616	oxidoreductase activity, acting on the CH-OH group of donors, NAD or NADP as acceptor	85/9576	169/26722	0.5029585798816568	1.4035149510858014	3.932630996824548	7.90368246488898e-5	0.002054957440871135	0.00175822269569811	ADH/ATHPR1/NA/PMDH2/ATCAD8/NA/ATECH2/NYC1/ATCAD4/ATNADP-ME1/ChlADR/ATCAD1/AtFDH1/ATMFP2/ATCAD5/DXR/ICDH/AKR4C9/KR/G6PD1/NA/NA/AK-HSDH/c-NAD-MDH2/L-GalDH/ATCAD9/NA/AtGLYR2/AIM1/PGDH/HDH1/AKR4C8/NA/G6PD5/AK-HSDH/ATGHBDH/ATIMD1/AtPLR1/ATIMD2/ATCCR1/PGD2/NA/NA/NA/NA/3-PGDH/RTN20/NA/NA/SAG13/ATNADP-ME2/ATCAD7/mMDH1/AtCRL1/NA/d-LDH/mMDH2/G6PD6/NA/GPDHp/ATMUM4/G6PD4/IDH-I/UDG4/NA/BEN1/NRS/ER/AtCRL2/ATCCR2/AKR4C10/GLY1/NA/NA/AtBBE-like/ATCAD6/ATUGD1/NA/NA/ChlADR/ATNADP-ME3/NA/CYP76C4/NA/ATCAD2/NA	85
GO:0071949	FAD binding	32/9576	51/26722	0.6274509803921569	1.750913230789392	4.011365244682556	8.261353318411485e-5	0.002067630541500849	0.0017690658074379735	NA/AtBBE16/ABA1/AtBBE19/MTHFR1/AT-PHH1/CBB1/NA/AtBBE22/AtBBE3/CTF2A/MTHFR2/AtBBE24/PHR2/ATCRY1/AtBBE8/AtBBE26/AtBBE6/AtBBE25/CRY3/MO1/FNRL/PDH2/AtBBE21/AtBBE7/AtBBE4/AtBBE10/AT-POX/NA/AtBBE-like/AtBBE11/GNR1	32
GO:0003777	microtubule motor activity	31/9576	49/26722	0.6326530612244898	1.765429730789559	4.007785291778903	8.482586836926559e-5	0.002067630541500849	0.0017690658074379735	NA/KICP-02/NA/ARK3/FRA1/NA/RSW7/NA/ATNACK2/ATK3/ATK1/ATNACK1/NA/NA/NA/KINESIN-12B/NA/PAKRP2/ATK5/ARK2/POK2/NA/ATK2/NA/NA/KINESIN-12E/ZCF125/AtKin-1/NA/NA/KINESIN-12A	31
GO:0016627	oxidoreductase activity, acting on the CH-CH group of donors	44/9576	77/26722	0.5714285714285714	1.5945816923260532	3.9046853732678177	1.0942901860577543e-4	0.00258650407613651	0.002213014283765921	ACX2/NA/IBR3/AER/SDH2-1/NA/5[beta]-StR/ATOPR2/CRR1/ACX1/ATIVD/POR/NA/TyrA1/HEMG1/SDH1-1/DECR/AOR/SDHAF2/PYD1/CBB1/ENR1/ACX4/SDH2-2/NA/NA/ATCPO-I/BPG1/PDE226/ATTSC13/ACX5/hemf2/NA/NA/PORA/NA/ELL1/NA/SDH1-2/PPRD3/NA/SDH3-1/FAR2/NA	44
GO:0019842	vitamin binding	35/9576	58/26722	0.603448275862069	1.6839332526719095	3.8967458227164298	1.2294640410367042e-4	0.002769820143477438	0.002369859609938861	AtHPCL/SHM1/NA/AtGLDP2/AtGLDP1/DELTA-OAT/AGT3/SHM4/AtCGS1/GSA2/ATMGL/CBL/PSAT1/NA/ACP2/PHYLLO/ATPHS2/TSB3/ACP3/BCCP/EDA36/PYD4/CORI3/ATHPA1/AGD2/ATBIOF/DES1/FBP/PSAT2/ATSR/NA/CP3/BCCP2/CKRC1/ALD1	35
GO:0016747	acyltransferase activity, transferring groups other than amino-acyl groups	155/9576	340/26722	0.45588235294117646	1.2721478942454174	3.774223299445309	1.2428680130988505e-4	0.002769820143477438	0.002369859609938861	KAT2/PES1/ABX45/SCPL7/PMAT1/CHAT/CER26/NA/NA/MOAT4/DCF/EMB3147/ATGPAT1/NA/ATLCAT3/KAT5/GNAT10/TBL10/GNAT1/PES2/LAG1/DCR/LTA2/NA/GNAT3/ATGPAT2/AACT2/AtGPAT8/ACT1/TBL17/ATNSI/TBL45/EMB3003/NA/ATSPT1/SCPL13/KAS/NA/BCE2/WSD6/PMAT2/AtPNP-R1/NA/TBL9/TBL6/NA/ASFT/TBR/ATGPAT9/AtPAT10/NA/scpl16/NA/MOAT3/DGAT3/KCS1/ATHPCAT4/ATPDAT/NA/NA/NA/ATCHS/KCS9/RWA2/AXY4/RWA4/NA/NA/NA/ATGPAT5/AtCER6/NA/TBL8/AtLPEAT2/NA/NA/IDM1/WSD1/TBL40/AtLPLAT1/LIP2/ATSERAT2;2/KAS1/AtSAT1/GCP1/NA/ATSERAT3;2/ATTSC13/TBL28/TBL2/SCPL11/NA/ATBIOF/GLC/TBL41/FDH/NA/AXY4L/NA/ASAT1/NA/NA/COSY/DAISY/KCS8/CER60/NA/NA/CER2/NA/ELO3/SCPL19/ATHPCAT1/ESK1/TBL35/NA/scpl14/NAGS2/At1g78690p/NA/ELO4/NA/WSD7/TBL39/AT2/NA/PMR5/AACT1/TBL34/ELT6/COP3/TBL19/TBL15/NA/EMB173/ATGPAT7/NATA1/HIC/NA/NA/ATHDA18/NA/ATXR6/NA/NA/FPT1/PAT21/LAP5/NA/TBL11/LIP2p2/NA/BAT1/TBL31/TBL30	155
GO:0042578	phosphoric ester hydrolase activity	174/9576	388/26722	0.4484536082474227	1.2514178487455754	3.7281258617546458	1.4439113766966092e-4	0.00312847464950932	0.00267672459890541	cfbp1/SBPASE/ATPAP26/AIP1/GDPDL1/5PTASE11/ACR2/ATPAP8/HAI1/AtTLP18.3/PDLZ2/ATSAL2/ATPLDDELTA/AtPP2CF1/NA/ABI1/IMPL1/AtMTM2/ATGPAT1/GDPDL4/ATVSP2/AtMTM1/CVL1/ATPAP20/ATNUDX27/TPPH/NA/PP2C49/ATACP5/NA/ATSPP2/TOPP6/ATTPPA/NA/ABI2/ATGPAT2/AtPFA-DSP1/AtcpFHy1/NA/TPPJ/ATPAP18/WIN2/AtGPAT8/5PTASE2/AtGDPD4/5PTASE13/PP2CG1/HDF1/Sgpp/AtPP2C26/AHG3/TDP1/NA/FRA3/PP2A-3/NA/CVP2/NA/ATPAP22/ATF2KP/ATPAP1/GDPDL2/PLPP1/AtPP5/ATPAP10/AHL/PLD/AHK4/NA/PAS2/NA/ATRP1/PLDBETA/ATPAH2/AtDBP1/RHD4/AtPFA-DSP3/AtPPsPase1/ATSAC1/PP2C62/AtGDPD1/ATNUDT15/KAPP/RIMA/ATPTPKIS1/ATGPAT5/ATPAP28/GPP/ATTPS6/SAC5/XMPP/CIPP1/AP2C1/NA/APD9/NA/AtcFBP/AtHAB1/ATPLC/ATPAP12/APD5/LSF1/HAI3/NPC6/NA/APD6/PSP/AtSPP1/NA/NA/PGPP1/NA/EGR2/ATLPP1/AtPFA-DSP4/GPP2/PP2C74/TPPG/ALX8/NA/NA/SSU72/ZDP/NA/ATPAP29/PP4-2/AUN1/NA/NA/NA/TPPE/ATNUDX25/PP2C52/AtPFA-DSP5/VSP3/atnudt18/NA/NA/NPC2/NA/NA/APD7/AtNPC4/NA/NA/AtNUDT11/AHG1/HISN7/ATPLC4/PLDBETA2/NA/ATPAP3/NA/AtPEPC1/NA/NA/APE1L/PTPMT2/ATPAP15/PLL3/AtGDPD2/PLL2/ATGPAT7/ATHPP2C5/BSU1/NA/NA/NA/GDPDL5/ATVSP1/NA/AtGDPD3/ATTPPB/ATPAP13	174
GO:0003774	cytoskeletal motor activity	39/9576	67/26722	0.582089552238806	1.6243313507649721	3.8238444207409583	1.5450901080412406e-4	0.003257216984519372	0.0027868766102365477	NA/KICP-02/ATM1/NA/ARK3/FRA1/ATXIE/NA/ATXIA/RSW7/ATVIIIA/NA/ATNACK2/ATK3/ATK1/ATNACK1/NA/NA/NA/KINESIN-12B/NA/PAKRP2/ATK5/ARK2/POK2/NA/ATXIG/ATK2/NA/NA/KINESIN-12E/ATMYO5/ATVIIIB/ZCF125/AtKin-1/NA/NA/KINESIN-12A/ATXID	39
GO:0016769	transferase activity, transferring nitrogenous groups	37/9576	64/26722	0.578125	1.6132681965329991	3.6708248319183596	2.734529407384215e-4	0.005487035706886783	0.004694710712774926	AOAT1/AGT/DELTA-OAT/AGT3/ASP3/GABA-T/ACS10/ATCAT3/AOAT2/GSA2/ALF1/ALAAT2/At-NEET/ATBCAT-3/ACS2/PSAT1/AAT/ATBCAT-2/AtTAR2/PYD4/AtTAT1/CORI3/ASP1/ATHPA1/AlaAT1/AGD2/BCAT6/ACCS7/PSAT2/TAT/ACS8/BCAT4/ASP4/ACS11/CKRC1/ALD1/AtTAR3	37
GO:0019203	carbohydrate phosphatase activity	19/9576	27/26722	0.7037037037037037	1.963697824808936	3.744077335803482	2.7435178534433914e-4	0.005487035706886783	0.004694710712774926	cfbp1/SBPASE/TPPH/ATSPP2/ATTPPA/TPPJ/Sgpp/ATF2KP/ATPTPKIS1/GPP/ATTPS6/AtcFBP/LSF1/NA/GPP2/TPPG/TPPE/HISN7/ATTPPB	19
GO:0008483	transaminase activity	36/9576	62/26722	0.5806451612903226	1.6203007518796995	3.6543075257927935	2.927635492860826e-4	0.005565414982155542	0.004761772063004877	AOAT1/AGT/DELTA-OAT/AGT3/ASP3/GABA-T/ACS10/AOAT2/GSA2/ALF1/ALAAT2/At-NEET/ATBCAT-3/ACS2/PSAT1/AAT/ATBCAT-2/AtTAR2/PYD4/AtTAT1/CORI3/ASP1/ATHPA1/AlaAT1/AGD2/BCAT6/ACCS7/PSAT2/TAT/ACS8/BCAT4/ASP4/ACS11/CKRC1/ALD1/AtTAR3	36
GO:0080044	quercetin 7-O-glucosyltransferase activity	36/9576	62/26722	0.5806451612903226	1.6203007518796995	3.6543075257927935	2.927635492860826e-4	0.005565414982155542	0.004761772063004877	UGT1/UGT76E12/UGT73B3/UGT88A1/ATSAGT1/DOGT1/AtUGT85A3/UGT89B1/AtUGT85A5/UGT76E11/NA/ATUGT85A1/UGT74E2/UGT73B5/UGT73B1/AtUGT85A2/NA/UGT84A3/UGT73B2/UGT74B1/NA/NA/UGT73B4/NA/UGT73C6/UGT84A1/AtUGT85A7/UGT76C2/UGT76E2/NA/NA/UGT76F1/NA/UGT76C5/UGT84A4/UGT76D1	36
GO:0015171	amino acid transmembrane transporter activity	46/9576	84/26722	0.5476190476190477	1.5281407884791345	3.6230602626040636	2.99967009052102e-4	0.005565414982155542	0.004761772063004877	SIAR1/UMAMIT29/BOU/AAP6/NA/NA/DCT/LAX1/AAT1/AAP4/AtCAT3/AtGABP/AtCAT2/AtAVT3/NA/AtAUX1/AtPUT2/UMAMIT44/NA/LAX2/ATMBAC2/NA/LAX3/AAP1/PUT1/NA/At4g38250/AtAVT6/CAT9/PUT5/UMAMIT28/ATPROT2/CAT5/ATPROT3/RER1/NA/AAP2/NA/PUT4/AAP7/ATCAT6/ATMBAC1/CAT7/NPF5.5/NA/AAP3	46
GO:0016857	racemase and epimerase activity, acting on carbohydrates and derivatives	22/9576	33/26722	0.6666666666666666	1.8603453077137284	3.6957333248817608	3.068113387598568e-4	0.005565414982155542	0.004761772063004877	NDF2/UGE3/ATUGE1/GAE6/NA/EMB2728/NA/NDF5/HSR8/NA/UGE5/GME/GAE5/NA/NA/ATMUM4/GAE2/NRS/ER/NA/GAE1/GAE3/DUR	22
GO:0015174	basic amino acid transmembrane transporter activity	14/9576	18/26722	0.7777777777777778	2.17040285899935	3.712106942767204	3.4671327502157443e-4	0.0061353679316187475	0.005249424114232505	AAT1/AtCAT3/AtGABP/AtPUT2/ATMBAC2/PUT1/CAT9/PUT5/CAT5/PUT4/ATCAT6/ATMBAC1/CAT7/AAP3	14
GO:0120544	polypeptide conformation or assembly isomerase activity	44/9576	80/26722	0.55	1.5347848788638263	3.5799561989260766	3.5396353451646624e-4	0.0061353679316187475	0.005249424114232505	NA/RPT3/KICP-02/NA/ATM1/RPT2a/NA/ARK3/FRA1/ATXIE/NA/ATXIA/RSW7/ATVIIIA/NA/NA/ATNACK2/ATK3/ATK1/ATNACK1/NA/NA/NA/KINESIN-12B/NA/PAKRP2/ATK5/ARK2/POK2/NA/ATXIG/ATK2/RPT5B/NA/NA/KINESIN-12E/ATMYO5/ATVIIIB/ZCF125/AtKin-1/NA/NA/KINESIN-12A/ATXID	44
GO:0019187	beta-1,4-mannosyltransferase activity	11/9576	13/26722	0.8461538461538461	2.361207505944348	3.668632506148379	4.396344259812832e-4	0.007296060686497891	0.006242513461861893	ATCSLA09/ATCSLD2/AtMSR1/ATCSLD5/ATCSLA03/ATCSLA02/ATCSLA07/AtMSR2/ATCSLA10/ATCSLA15/ATCSLA11	11
GO:0051753	mannan synthase activity	11/9576	13/26722	0.8461538461538461	2.361207505944348	3.668632506148379	4.396344259812832e-4	0.007296060686497891	0.006242513461861893	ATCSLA09/ATCSLD2/AtMSR1/ATCSLD5/ATCSLA03/ATCSLA02/ATCSLA07/AtMSR2/ATCSLA10/ATCSLA15/ATCSLA11	11
GO:0008374	O-acyltransferase activity	59/9576	115/26722	0.5130434782608696	1.4316570411536087	3.466784190317849	4.7755054240575836e-4	0.007760196314093574	0.006639628155378308	PES1/ABX45/PMAT1/CHAT/MOAT4/ATGPAT1/ATLCAT3/TBL10/PES2/ATGPAT2/AtGPAT8/ACT1/TBL17/TBL45/WSD6/PMAT2/NA/TBL9/TBL6/TBR/ATGPAT9/MOAT3/DGAT3/ATPDAT/NA/NA/AXY4/NA/ATGPAT5/TBL8/AtLPEAT2/WSD1/TBL40/ATSERAT2;2/AtSAT1/ATSERAT3;2/TBL28/TBL2/TBL41/AXY4L/ASAT1/NA/ESK1/TBL35/At1g78690p/WSD7/TBL39/AT2/PMR5/TBL34/ELT6/TBL19/ATGPAT7/NA/NA/NA/TBL11/TBL31/TBL30	59
GO:0016791	phosphatase activity	146/9576	326/26722	0.44785276073619634	1.2497411729733332	3.390524600917446	5.037445122432969e-4	0.008018790194893299	0.00686088121938239	cfbp1/SBPASE/ATPAP26/AIP1/5PTASE11/ACR2/ATPAP8/HAI1/AtTLP18.3/ATSAL2/AtPP2CF1/NA/ABI1/IMPL1/AtMTM2/ATGPAT1/ATVSP2/AtMTM1/CVL1/ATPAP20/TPPH/NA/PP2C49/ATACP5/NA/ATSPP2/TOPP6/ATTPPA/NA/ABI2/ATGPAT2/AtPFA-DSP1/AtcpFHy1/NA/TPPJ/ATPAP18/WIN2/AtGPAT8/5PTASE2/5PTASE13/PP2CG1/HDF1/Sgpp/AtPP2C26/AHG3/NA/FRA3/PP2A-3/CVP2/NA/ATPAP22/ATF2KP/ATPAP1/PLPP1/AtPP5/ATPAP10/AHL/AHK4/NA/PAS2/ATRP1/ATPAH2/AtDBP1/RHD4/AtPFA-DSP3/AtPPsPase1/ATSAC1/PP2C62/KAPP/RIMA/ATPTPKIS1/ATGPAT5/ATPAP28/GPP/ATTPS6/SAC5/XMPP/CIPP1/AP2C1/NA/APD9/NA/AtcFBP/AtHAB1/ATPAP12/APD5/LSF1/HAI3/NA/APD6/PSP/AtSPP1/NA/NA/PGPP1/NA/EGR2/ATLPP1/AtPFA-DSP4/GPP2/PP2C74/TPPG/ALX8/NA/SSU72/ZDP/NA/ATPAP29/PP4-2/AUN1/NA/NA/NA/TPPE/PP2C52/AtPFA-DSP5/VSP3/atnudt18/NA/NA/NA/APD7/NA/NA/AHG1/HISN7/NA/ATPAP3/NA/AtPEPC1/NA/NA/PTPMT2/ATPAP15/PLL3/PLL2/ATGPAT7/ATHPP2C5/BSU1/NA/NA/NA/ATVSP1/NA/ATTPPB/ATPAP13	146
GO:0019900	kinase binding	66/9576	133/26722	0.49624060150375937	1.3847683117568357	3.3243835817419356	7.479066826166163e-4	0.011667344248819215	0.00998258603745126	MAPKKK18/CASPL1E1/RACK1C/ABI1/CARK5/RACK1B/NA/NA/ARAC6/MARD1/ATGER1/AGC2/ATCBL10/AHG3/AtEPFL9/ATCYP20-2/ARAC3/MAPKKK14/AHK4/ATG11/ATCBL2/ADK2/anac081/FLZ6/NA/ATHIR1/MAPKKK17/AtRLP23/CYCP4;1/KAPP/IRM1/MAPKKK19/AtPERK10/AtREM4.1/CYCP1;1/AtVIP1/ARAC4/ARAC8/MUSE14/AHP3/AHP2/AHK2/ATCBL9/NA/AtCDC20.1/ANQ1/FUS3/ATCDT1A/ATCIPK14/EPF2/AGC1-9/NA/ATCBL1/ARAC7/CKS2/cycp3;1/AHP4/ARAC9/AtCDC20.2/AHP1/CYCP4/AtPERK13/CBL5/CYCP3;2/AIK1/ARAC2	66
GO:0008017	microtubule binding	84/9576	177/26722	0.4745762711864407	1.3243136088809595	3.235172585994841	9.472057778387046e-4	0.014486676602239013	0.01239480832094404	NA/AtTCTP1/ARC5/KICP-02/ICR2/DRP3B/ATMAP70-4/NA/KAC1/CTL08/ATMAP65-6/MAP65-2/NodGS/ACIP1/WDL5/ARK3/QWRF1/FRA1/IPGA1/emb1427/TCS1/CSI1/NA/NA/WDL3/ATMAP65-3/NA/NA/ATNACK2/ATK3/ATK1/NA/ATNACK1/NA/NA/NA/ATPCAP1/AtTPX2/KINESIN-12B/QWRF2/NA/PAKRP2/ATK5/ARK2/NA/IPGAL2/LNG2/TTL3/POK2/NA/IQD1/ATK2/CORD3/ATMAP65-1/MDKIN2/ATEB1C/MAP65-4/DRP5A/NA/AUG7/CSI3/NA/NA/ATK4/CORD4/ATGCP4/NA/NA/MDKIN1/KINESIN-12E/MAP65-8/NUF2/ZCF125/ADL1D/AtKin-1/CORD6/GPT2/MAP65-5/MAP18/NA/NA/KINESIN-12A/QWRF4/TPXL3	84
GO:0008194	UDP-glycosyltransferase activity	117/9576	258/26722	0.45348837209302323	1.26546744768899	3.2020668604837157	9.87525094737863e-4	0.014812876421067944	0.012673905062020346	UGT1/ATSPS4F/GBSS1/ASUS1/UGT76E12/UGT73B3/UGT88A1/NA/UGT78D1/GUX3/ATSAGT1/UGT89C1/NA/GGP/DOGT1/NA/ATTPS1/FRA8/ATSUS3/AtUGT85A3/UGT89B1/ATSPS2F/AtUGT85A5/ATCSLD2/ATSS3/UGT76E11/NA/UGT73C1/ATUGT85A1/NA/NA/MUCI21/SEC/GAUT13/NA/ATCSLD5/RRT1/AtSS2/UGT91C1/UGT74E2/ATGSL12/UGT73C7/NA/XGD1/NA/ATSUS5/UGT73B5/GATL3/UGT87A2/UGT73B1/ATTS02/AtUGT85A2/NA/ATHEX3/ATSPS1F/ATSS1/NA/NA/AtGolS1/GlcAT14B/HYR1/ATGSL06/UGT84A3/NA/NSH2/NA/ATTPS6/UGT73B2/UGT74B1/GATL6/NA/GATL10/GALS1/ATCSLD1/SETH2/NA/TT15/GAUT6/NA/UGT73C2/UGT73B4/NA/UGT73C6/UGT84A1/UGT72B3/AtUGT85A7/UGT71B6/NA/ATGSL04/ATSUS4/XXT4/RGXT3/GATL8/ATGATL1/UGT76C2/UGT76E2/UGT79B7/NA/NA/NA/NA/UGT79B3/GALT1/NA/ATMGD3/NA/UGT72E1/UGT76F1/NA/NA/UGT76C5/UGT71B5/UGT72E2/AtGolS4/UGT84A4/UGT78D3/UGT76D1	117
GO:0008574	plus-end-directed microtubule motor activity	10/9576	12/26722	0.8333333333333334	2.325431634642161	3.4320058812490113	0.0010473881752590037	0.01512894030929672	0.012944329495403674	NA/ARK3/FRA1/NA/RSW7/KINESIN-12B/ARK2/AtKin-1/NA/KINESIN-12A	10
GO:0016872	intramolecular lyase activity	10/9576	12/26722	0.8333333333333334	2.325431634642161	3.4320058812490113	0.0010473881752590037	0.01512894030929672	0.012944329495403674	ATIPS1/AtCHIL/ATIPS2/AtFAP3/AtFAP2/ATMIPS3/NA/CPI1/A11/AtFAP1	10
GO:0050308	sugar-phosphatase activity	17/9576	25/26722	0.68	1.8975522138680037	3.355332075871678	0.0010729077823910997	0.015215122089112038	0.013018066672735537	cfbp1/SBPASE/TPPH/ATSPP2/ATTPPA/TPPJ/Sgpp/ATF2KP/GPP/ATTPS6/AtcFBP/NA/GPP2/TPPG/TPPE/HISN7/ATTPPB	17
GO:0016717	oxidoreductase activity, acting on paired donors, with oxidation of a pair of donors resulting in the reduction of molecular oxygen to two molecules of water	19/9576	29/26722	0.6551724137931034	1.8282703886152158	3.3351045545682863	0.0010923677397311207	0.015215122089112038	0.013018066672735537	CYP710A1/ADS3/FAD6/AAD4/ADS4.2/ADS2/AtSSI2/AAD1/FAD4/ADS1/ADS4/AAD2/ADS1.3/AtSLD2/AAD3/NA/AAD6/CYP710A2/NA	19
GO:0004888	transmembrane signaling receptor activity	55/9576	109/26722	0.5045871559633027	1.4080595218934184	3.190265746197396	0.001210464989652107	0.016564257753134096	0.01417238787515117	NA/AtLEA4-5/AtNIK3/LecRK-VII.1/LecRK-VI.3/AtNIK1/LecRK-IV.1/ATHLECRK/ER/LecRK-VII.2/AHK1/LecRK-I.7/ATGLR3.4/ATGLR1.3/ARK1/AtLPK1/AHK4/CARD1/LecRK-IV.4/AtNIK2/ATGLR2.8/ATGLR3.7/ATBAK1/ACR4/CEPR2/CIK3/AHK2/ATSERK4/EVR/BARK1/ATGLR3.6/CEPR1/LecRK-V.4/ATGLR1.4/ATGLR1.1/LecRK-IV.2/ATGLR3.2/EFR/ATSERK2/PXC3/AtLYK3/LecRK-VI.2/CIK2/ATGLR2.5/BRL2/LecRK-V.9/LecRK-V.2/LecRK-I.10/ATGLR1.2/LecRK-I.1/FLS2/LecRK-I.4/LecRK-V.3/ATGLR2.9/LecRK-I.5	55
GO:0051287	NAD binding	27/9576	46/26722	0.5869565217391305	1.6379127165740441	3.2360620002430145	0.0013033695026015096	0.017334413937869546	0.014831333922549653	GAPA-2/GAPA/GAPB/AtFDH1/UXS5/ALDH5F1/TyrA1/AK-HSDH/AtGLYR2/AK-HSDH/ATGHBDH/ATIMD2/AtNUDT7/ATNUDT2/GME/ATNUDT6/NA/atnudt8/UXS6/UDG4/ATUXS3/UXS4/ATNUDT10/NAD7/ATUGD1/NA/atnudt5	27
GO:0019199	transmembrane receptor protein kinase activity	41/9576	77/26722	0.5324675324675324	1.4858602133038221	3.190699096230967	0.0013111928491465427	0.017334413937869546	0.014831333922549653	NA/AtNIK3/LecRK-VII.1/LecRK-VI.3/AtNIK1/LecRK-IV.1/ATHLECRK/ER/LecRK-VII.2/LecRK-I.7/ARK1/AtLPK1/AHK4/CARD1/LecRK-IV.4/AtNIK2/ATBAK1/ACR4/CEPR2/CIK3/ATSERK4/EVR/BARK1/CEPR1/LecRK-V.4/LecRK-IV.2/EFR/ATSERK2/PXC3/AtLYK3/LecRK-VI.2/CIK2/BRL2/LecRK-V.9/LecRK-V.2/LecRK-I.10/LecRK-I.1/FLS2/LecRK-I.4/LecRK-V.3/LecRK-I.5	41
GO:0106435	carboxylesterase activity	11/9576	14/26722	0.7857142857142857	2.1925498269483232	3.335468782243542	0.001382875040913566	0.017499708503226987	0.014972760041897319	ACL/SOBER1/NA/ATCXE12/NA/SAG101/NA/NA/AtCXE17/AtCXE18/NA	11
GO:0030170	pyridoxal phosphate binding	26/9576	44/26722	0.5909090909090909	1.6489424318371688	3.2195330566415477	0.0013910024707693247	0.017499708503226987	0.014972760041897319	SHM1/NA/AtGLDP2/AtGLDP1/DELTA-OAT/AGT3/SHM4/AtCGS1/GSA2/ATMGL/CBL/PSAT1/NA/ATPHS2/TSB3/EDA36/PYD4/CORI3/ATHPA1/AGD2/ATBIOF/DES1/PSAT2/ATSR/CKRC1/ALD1	26
GO:0070279	vitamin B6 binding	26/9576	44/26722	0.5909090909090909	1.6489424318371688	3.2195330566415477	0.0013910024707693247	0.017499708503226987	0.014972760041897319	SHM1/NA/AtGLDP2/AtGLDP1/DELTA-OAT/AGT3/SHM4/AtCGS1/GSA2/ATMGL/CBL/PSAT1/NA/ATPHS2/TSB3/EDA36/PYD4/CORI3/ATHPA1/AGD2/ATBIOF/DES1/PSAT2/ATSR/CKRC1/ALD1	26
GO:0016759	cellulose synthase activity	23/9576	38/26722	0.6052631578947368	1.6889977135822012	3.1762971546826795	0.0016624300246585086	0.02058246697196249	0.01761036985185455	ATCSLG2/CESA5/ATCSLD2/ATCSLC05/ATCSLD5/ATCSLC08/CESA6/ATCSLB04/ATCSLA03/ATCESA2/ATCESA3/ANY1/ATCSLE1/ATCSLA10/ATCSLD1/ATCSLB03/ATCSLA15/ATCSLA11/ATCSLG3/ATCSLC04/ATCSLC12/ATCSLG1/ATCSLB06	23
GO:0042802	identical protein binding	180/9576	421/26722	0.42755344418052255	1.1930955655171183	2.9844494687481142	0.0018487060788977537	0.02253110533656637	0.01927762588850618	ADH/PGRL1A/CAO/DELTA-OAT/LIL3:1/AtCLA1/ELF4/SOK2/Lhca5/RKL1/ATPIN4/IAA3/ADC1/AtPHOT2/ADC2/GSA2/AtIAA17/LIL3:2/AtJAZ1/TATA/ATPDX1/ARC5/BDL/ATCSLC05/ATSS3/ARF1/AT-PHH1/THI1/FTSZ2-2/ANAC092/SOK3/DEG1/SPA3/HDH1/SPT/AQP1/AtNIK1/ATSULA/ARF5/ATTOC34/AtcpFHy1/ATFTSZ1-1/BAM1/AtSEOR2/PSAT1/ATCSLC08/ATIMD2/TSB3/AtHB33/EXT-like/ATAUX2-11/ATPIN3/HP20/AthCYSTM6/ATCPO-I/STL1/AT-CDA1/MORF5/ATNBP35/OBE2/PHYD/ATG11/AS1/AthCYSTM13/ATHB25/MYC70/PIF1/PEX11E/ATCESA3/CTPS2/CAR1/DUT1/JK224/SINA2/ATCRY1/ATFIP1[V]/ARR14/ATCOP1/ATPRMT4A/AtSEOR1/ATHIP2/IAA27/d-LDH/AtTic21/AKN1/ATMTK/COS1/AtHB31/ATBAK1/AtHB24/ATEDS1/ATWNK8/AtPEX19-1/ACR4/ATBPC6/PYL7/EFL1/JAS1/ATTRB1/ATCS-C/ATBZIP24/AGL24/PEX11B/At-RSZ21/PYL1/CIK3/ATSIRB/SCM/HPD/ATCOL1/ATFER1/AHK2/ARC6/RGI4/LHW/IAA26/BRX/ATWRKY60/PYR1/AT-HSFA4A/DMS3/ATBRI1/BIM1/CGE-2/AtTCP23/NA/bZIP65/MYC67/ASR3/YIP4a/ATDUF5/AtHB28/ACCS7/ERL2/ATBG1/TOE2/BIN5/mitHPPK/DHPS/PLA/HLH1/ARF18/ATCSLC04/LRP1/CRF2/PIN6/ATHB-5/FHY1/ATGEX1/ATCSLC12/ATNADK-3/ATPIN1/BAM3/ACS8/AtGATA18/ASD/AtCM3/ATMYB44/ATCRR2/LURE1/PYL2/AtKin-1/AtBCS1/AtPYL4/AtHB27/AtbZIP/PIN5/IAA19/AtIAMT1/AXR5/AtMYB56/ANAC101/FLS2/ATDOG1/ATCRR1/NA/IAA6/bZIP21/PYL3/CCR4/FHL	180
GO:0080161	auxin transmembrane transporter activity	14/9576	20/26722	0.7	1.953362573099415	3.1874120712954626	0.001968492086906681	0.023621905042880174	0.020210914706054024	PILS5/ATPIN4/LAX1/ATPIN3/AtAUX1/ABCB4/LAX3/ABCB19/PIN6/ATPIN1/PILS7/PIN5/ABCB21/ABCG37	14
GO:0008266	poly(U) RNA binding	17/9576	26/26722	0.6538461538461539	1.8245694364115415	3.1436039285401067	0.0020670900748483286	0.02442924633911661	0.020901676354925687	ATHPR1/OE23/MSP-1/SHM1/OEC33/ATRBP31/CSP41A/ATLFNR1/EMB2784/CP29B/ATLFNR2/ATGLCAK/NA/PAB8/NA/PAB5/PAB6	17
GO:0016628	oxidoreductase activity, acting on the CH-CH group of donors, NAD or NADP as acceptor	28/9576	50/26722	0.56	1.5626900584795322	2.9762092739225894	0.0028211613933968745	0.032843371445515857	0.02810080633799872	NA/AER/NA/5[beta]-StR/ATOPR2/CRR1/POR/NA/TyrA1/DECR/AOR/PYD1/CBB1/ENR1/NA/NA/BPG1/ATTSC13/NA/NA/PORA/NA/ELL1/NA/PPRD3/NA/FAR2/NA	28
GO:0004197	cysteine-type endopeptidase activity	32/9576	59/26722	0.5423728813559322	1.5135012672925252	2.950869691463701	0.0029144673634806874	0.03343065505169024	0.028603286508463718	RD19/AtcathB3/AALP/XBCP3/RD21/RD19c/AEP2/CEP1/AtcathB1/AESP/RD21B/ATDEK1/AtMC9/NA/AtMC2/NA/ATG4B/AEP1/NA/NA/ATMC8/AEP4/NA/NA/XCP1/NA/AtCP2/XCP2/AtMC7/NA/FUG1/NA	32
GO:0016830	carbon-carbon lyase activity	53/9576	108/26722	0.49074074074074076	1.369420851511495	2.8748501947615503	0.003187819612608895	0.03603622170775273	0.030832610745904498	PDC2/AtHPCL/AtFBA1/AtFBA2/AtFBA5/AtHNL/EDA17/DHNS/HEME2/UXS5/AtRIBA2/IGPS/SAMDC2/ADC1/ADC2/GAD2/HEME1/AAS/FBA6/AT-PHH1/NA/GAD4/ATPPC2/THA2/ATDPL1/NA/AXS2/PHR2/THA1/ATCRY1/NA/UXS6/ATPPC3/AtFBA7/CRY3/DAPDC1/AtSPP1/AMT1/ATUXS3/UXS4/PHR1/AtCXE20/AtPDC1/ASB2/BUD2/AtTYDC/CYP71B15/AtMDD2/PSD1/AtGAD1/GAD5/AtYUC4/PDC3	53
GO:0015631	tubulin binding	85/9576	187/26722	0.45454545454545453	1.2684172552593604	2.7526988467416085	0.004133036446255352	0.045453487082941384	0.038890028084459974	NA/ATHDA14/AtTCTP1/ARC5/KICP-02/ICR2/DRP3B/ATMAP70-4/NA/KAC1/CTL08/ATMAP65-6/MAP65-2/NodGS/ACIP1/WDL5/ARK3/QWRF1/FRA1/IPGA1/emb1427/TCS1/CSI1/NA/NA/WDL3/ATMAP65-3/NA/NA/ATNACK2/ATK3/ATK1/NA/ATNACK1/NA/NA/NA/ATPCAP1/AtTPX2/KINESIN-12B/QWRF2/NA/PAKRP2/ATK5/ARK2/NA/IPGAL2/LNG2/TTL3/POK2/NA/IQD1/ATK2/CORD3/ATMAP65-1/MDKIN2/ATEB1C/MAP65-4/DRP5A/NA/AUG7/CSI3/NA/NA/ATK4/CORD4/ATGCP4/NA/NA/MDKIN1/KINESIN-12E/MAP65-8/NUF2/ZCF125/ADL1D/AtKin-1/CORD6/GPT2/MAP65-5/MAP18/NA/NA/KINESIN-12A/QWRF4/TPXL3	85
GO:0016413	O-acetyltransferase activity	28/9576	51/26722	0.5490196078431373	1.532049076940718	2.8421967921138154	0.004137432798575434	0.045453487082941384	0.038890028084459974	CHAT/MOAT4/TBL10/TBL17/TBL45/TBL9/TBL6/TBR/MOAT3/AXY4/TBL8/TBL40/ATSERAT2;2/AtSAT1/ATSERAT3;2/TBL28/TBL2/TBL41/AXY4L/ESK1/TBL35/TBL39/PMR5/TBL34/TBL19/TBL11/TBL31/TBL30	28
